query,clicks,impressions,position
lcdmh,26,122,2.7
cap nord moto budget,2,61,10.1
quel carpuride choisir,3,56,4.7
quel carpuride moto choisir,3,25,5.7
cap nord moto seul,0,22,6.1
la chaine du motard heureux,2,22,4.1
carpuride comparatif,2,17,3.7
komobi moto,0,17,23.4
meilleur carpuride moto,1,17,3.6
aferiy nano 100,1,14,6.4
road trip moto cap nord pdf,1,14,7.2
cap nord moto,0,13,41.0
comparatif carpuride moto,1,12,4.2
komobi,0,11,8.9
meilleur carplay moto 2026,2,11,8.4
aoocci u6,0,10,15.9
quel est le meilleur carpuride,0,10,4.4
komobi city,0,9,59.7
motard heureux,1,9,4.7
t33 vs road 6,2,9,8.8
carpuride w702rs pro,1,7,10.0
carpuride moto,0,6,26.0
dunlop mutant vs michelin road 6,0,5,11.0
voyage moto cap nord,0,5,47.4
cap nord en moto,0,4,45.8
carpuride origine,0,4,39.8
carpuride vs aoocci,0,4,3.0
nano 100,0,4,6.5
road 6 vs t33,1,4,4.8
road trip cap nord moto,0,4,20.0
test intercom,1,4,35.8
test intercom moto,0,4,28.2
aferiy nano100,0,3,6.7
aoocci,0,3,20.7
aoocci vs carpuride,0,3,6.7
blackview xplore x1,1,3,10.0
carpuride,0,3,18.7
ecran carpuride,0,3,12.7
les plus beaux cols des alpes en moto,1,3,31.0
metzeler roadtec 02 vs bridgestone t33,0,3,8.3
road trip moto cap nord,0,3,10.3
road trip moto turquie,0,3,50.0
test carpuride,0,3,26.7
voyage moto france,0,3,77.3
w702rs pro,0,3,5.7
alpes moto festival,0,2,69.0
avis carpuride,0,2,20.5
blackview xplore x1 review,0,2,6.5
cap nord à moto,0,2,53.0
carpuride 2026,0,2,4.0
carpuride avis,0,2,32.5
dunlop mutant,0,2,34.0
dunlop mutant vs road 6,0,2,5.0
intercom comparatif,0,2,90.5
intercom moto comparatif,0,2,81.5
moto barcelonnette,0,2,66.0
road trip moto france,0,2,78.0
test dunlop mutant,0,2,32.5
alpes adventure,0,1,97.0
alpes aventure moto festival,0,1,67.0
alpes aventure motofestival,0,1,49.0
aoocci gps,0,1,11.0
aoocci u6 pro,0,1,10.0
aooccii,0,1,10.0
aooci u6,0,1,5.0
avis carplay moto,0,1,38.0
barcelonnette moto,0,1,64.0
battlax t33 vs road 6,0,1,10.0
blackview explorer x1,0,1,18.0
bridgestone t33 vs metzeler roadtec 02,0,1,6.0
carplay aoocci,0,1,21.0
carplay moto carpuride,0,1,24.0
carpuride honda,0,1,9.0
carpuride w701,0,1,19.0
carpuride w702,0,1,64.0
carpuride w702rs,0,1,4.0
code promo moto vision,0,1,10.0
comparatif intercom moto,0,1,80.0
dxr roadtrip,0,1,63.0
détection de chute moto,0,1,26.0
embourbage,0,1,17.0
festival moto barcelonnette,0,1,86.0
intercom test,0,1,11.0
les meilleurs carplay moto,0,1,7.0
meilleurs carplay moto,0,1,90.0
metzeler roadtec 02 test,0,1,8.0
metzeler roadtec 02 vs michelin road 6,0,1,61.0
mh road,0,1,6.0
michelin mutant,0,1,12.0
moto cap nord,0,1,50.0
moto lcd,0,1,6.0
promomoto,0,1,42.0
roadtec 02 test,0,1,18.0
test metzeler roadtec 02,0,1,62.0
test pneus moto,0,1,56.0
voyage moto alpes idées reçues conseils,0,1,16.0
xplore test,0,1,7.0
