src,dst,ko_economises,status
images\action-cam6.jpg,images\action-cam6.webp,-3,OK (9k -> 11k)
images\alpes-festival-aventure.jpg,images\alpes-festival-aventure.webp,25,OK (109k -> 83k)
images\articles.jpg,images\articles.webp,92,OK (177k -> 85k)
images\bandeau-norvege.jpg,images\bandeau-norvege.webp,1057,OK (1303k -> 245k)
images\bandeau-road-trip.jpg,images\bandeau-road-trip.webp,297,OK (1294k -> 997k)
images\bandeau-roadtrip.jpg,images\bandeau-roadtrip.webp,612,OK (873k -> 260k)
images\cap-nord-moto.jpg,images\cap-nord-moto.webp,373,OK (952k -> 579k)
images\djair3.jpg,images\djair3.webp,24,OK (54k -> 30k)
images\dolomites.jpg,images\dolomites.webp,11,OK (161k -> 149k)
images\ecran-moto.jpg,images\ecran-moto.webp,39,OK (98k -> 59k)
images\europe-asie.jpg,images\europe-asie.webp,583,OK (871k -> 288k)
images\gopro13.jpg,images\gopro13.webp,94,OK (237k -> 142k)
images\header-mutant.jpg,images\header-mutant.webp,178,OK (253k -> 75k)
images\lesalpes.pg.jpg,images\lesalpes.pg.webp,32,OK (261k -> 228k)
images\les_alpes.jpg,images\les_alpes.webp,888,OK (1450k -> 562k)
images\mini4pro.jpg,images\mini4pro.webp,50,OK (103k -> 52k)
images\photo-yves.jpg,images\photo-yves.webp,135,OK (194k -> 59k)
images\Tour-d-espagne-2023.jpg,images\Tour-d-espagne-2023.webp,4,OK (170k -> 165k)
images\backup_originaux\alpes-festival-aventure.jpg,images\backup_originaux\alpes-festival-aventure.webp,602,OK (826k -> 223k)
images\backup_originaux\dolomites.jpg,images\backup_originaux\dolomites.webp,660,OK (999k -> 339k)
images\backup_originaux\Tour-d-espagne-2023.jpg,images\backup_originaux\Tour-d-espagne-2023.webp,746,OK (1198k -> 451k)
images\carpuride\terrain-01.jpg,images\carpuride\terrain-01.webp,0,skip (.webp deja present)
images\carpuride\terrain-02.jpg,images\carpuride\terrain-02.webp,0,skip (.webp deja present)
images\roadtrips\road-trip-cap-nord-2025\pexels-pixabay-39391.jpg,images\roadtrips\road-trip-cap-nord-2025\pexels-pixabay-39391.webp,-348,OK (2140k -> 2488k)
images\roadtrips\road-trip-moto-dolomite-et-slovenie-2026\1586.jpg,images\roadtrips\road-trip-moto-dolomite-et-slovenie-2026\1586.webp,1,OK (93k -> 92k)
images\roadtrips\road-trip-moto-dolomites-et-svlovenie-2026\1586.jpg,images\roadtrips\road-trip-moto-dolomites-et-svlovenie-2026\1586.webp,1,OK (93k -> 92k)
images\roadtrips\road-trip-moto-dolomites-et-svlovenie-2026\hero.jpg,images\roadtrips\road-trip-moto-dolomites-et-svlovenie-2026\hero.webp,1,OK (93k -> 92k)
images\roadtrips\road-trip-moto-test-2026\1586.jpg,images\roadtrips\road-trip-moto-test-2026\1586.webp,1,OK (93k -> 92k)
images\roadtrips\road-trip-moto-test-2026-3\1586.jpg,images\roadtrips\road-trip-moto-test-2026-3\1586.webp,1,OK (93k -> 92k)
images\roadtrips\road-trip-moto-teste-publication\1586.jpg,images\roadtrips\road-trip-moto-teste-publication\1586.webp,1,OK (93k -> 92k)
images\bagagerie-casque.png,images\bagagerie-casque.webp,2072,OK (2173k -> 101k)
images\bandeau-aoocci.png,images\bandeau-aoocci.webp,1976,OK (2124k -> 147k)
images\bandeau-gps-aoocci-carpuride.png,images\bandeau-gps-aoocci-carpuride.webp,2094,OK (2209k -> 114k)
images\bandeau-pneus.png,images\bandeau-pneus.webp,2537,OK (2760k -> 222k)
images\code-promo.png,images\code-promo.webp,2236,OK (2389k -> 152k)
images\favicon-32.png,images\favicon-32.webp,2,OK (3k -> 1k)
images\favicon.png,images\favicon.webp,942,OK (1009k -> 66k)
images\gps.png,images\gps.webp,2271,OK (2450k -> 178k)
images\Intercom-sena-futuriste.png,images\Intercom-sena-futuriste.webp,1925,OK (2016k -> 91k)
images\photo-video.png,images\photo-video.webp,1645,OK (1708k -> 63k)
images\pneu.png,images\pneu.webp,2436,OK (2719k -> 282k)
images\securite-moto.png,images\securite-moto.webp,2166,OK (2317k -> 151k)
images\test-moto.png,images\test-moto.webp,2042,OK (2202k -> 159k)
images\xplore_x1-1.png,images\xplore_x1-1.webp,377,OK (435k -> 57k)
images\xplore_x1-2.png,images\xplore_x1-2.webp,1256,OK (1380k -> 123k)
images\roadtrips\road-trip-cap-nord-2025\téléchargement.png,images\roadtrips\road-trip-cap-nord-2025\téléchargement.webp,-1,OK (1k -> 2k)
images\roadtrips\road-trip-moto-dolomite-et-slovenie-2026\QR Code.png,images\roadtrips\road-trip-moto-dolomite-et-slovenie-2026\QR Code.webp,-1,OK (1k -> 2k)
images\roadtrips\road-trip-moto-dolomites-et-svlovenie-2026\QR Code.png,images\roadtrips\road-trip-moto-dolomites-et-svlovenie-2026\QR Code.webp,-1,OK (1k -> 2k)
images\roadtrips\road-trip-moto-dolomites-et-svlovenie-2026\qr-kurviger.png,images\roadtrips\road-trip-moto-dolomites-et-svlovenie-2026\qr-kurviger.webp,-1,OK (1k -> 2k)
images\roadtrips\road-trip-moto-test-2026\QR Code.png,images\roadtrips\road-trip-moto-test-2026\QR Code.webp,-1,OK (1k -> 2k)
images\roadtrips\road-trip-moto-test-2026-3\QR Code.png,images\roadtrips\road-trip-moto-test-2026-3\QR Code.webp,-1,OK (1k -> 2k)
images\roadtrips\road-trip-moto-teste-publication\QR Code.png,images\roadtrips\road-trip-moto-teste-publication\QR Code.webp,-1,OK (1k -> 2k)
articles\images\Certificat et brevet olight +.jpg,articles\images\Certificat et brevet olight +.webp,0,skip (.webp deja present)
articles\images\en-pcdperun-11-slpmnu.jpg,articles\images\en-pcdperun-11-slpmnu.webp,0,skip (.webp deja present)
articles\images\Garantie a vie ++.jpg,articles\images\Garantie a vie ++.webp,60,OK (76k -> 16k)
articles\images\Garantie et livraison ++.jpg,articles\images\Garantie et livraison ++.webp,0,skip (.webp deja present)
articles\images\Garantie à vie ++.jpg,articles\images\Garantie à vie ++.webp,60,OK (76k -> 16k)
articles\images\Infos techniques ++.jpg,articles\images\Infos techniques ++.webp,0,skip (.webp deja present)
articles\images\Infos techniques Perun 3+++.jpg,articles\images\Infos techniques Perun 3+++.webp,0,skip (.webp deja present)
articles\images\Lampe perubn  3+++.jpg,articles\images\Lampe perubn  3+++.webp,13,OK (37k -> 23k)
articles\images\Lampe Perun 3 +++.jpg,articles\images\Lampe Perun 3 +++.webp,13,OK (37k -> 23k)
articles\images\Pub evolution de la marque sur 18 ans +.jpg,articles\images\Pub evolution de la marque sur 18 ans +.webp,0,skip (.webp deja present)
articles\images\Pub évolution de la marque sur 18 ans +.jpg,articles\images\Pub évolution de la marque sur 18 ans +.webp,0,skip (.webp deja present)
articles\images\Visuel lampe avec echaelle de grandeur.jpg,articles\images\Visuel lampe avec echaelle de grandeur.webp,0,skip (.webp deja present)
articles\images\Visuel lampe avec echelle de grandeur.jpg,articles\images\Visuel lampe avec echelle de grandeur.webp,0,skip (.webp deja present)
articles\images\aferiy-nano-100-autonomie-electrique-en-road-trip\AFERIY_AF-SL30_Panneau_Solaire_Portable_30W_3_1170x.jpg,articles\images\aferiy-nano-100-autonomie-electrique-en-road-trip\AFERIY_AF-SL30_Panneau_Solaire_Portable_30W_3_1170x.webp,0,skip (.webp deja present)
articles\images\aferiy-nano-100-autonomie-electrique-en-road-trip\presentation-aferiy-header.jpg,articles\images\aferiy-nano-100-autonomie-electrique-en-road-trip\presentation-aferiy-header.webp,0,skip (.webp deja present)
articles\images\bivouac-moto-comment-bien-dormir-en-tente-test-nemo-sonic-0\Annecy-Cap-Nord-Mai-2025-(50).jpg,articles\images\bivouac-moto-comment-bien-dormir-en-tente-test-nemo-sonic-0\Annecy-Cap-Nord-Mai-2025-(50).webp,0,skip (.webp deja present)
articles\images\bivouac-moto-comment-bien-dormir-en-tente-test-nemo-sonic-0\Annecy-Cap-Nord-Mai-2025-(54).jpg,articles\images\bivouac-moto-comment-bien-dormir-en-tente-test-nemo-sonic-0\Annecy-Cap-Nord-Mai-2025-(54).webp,0,skip (.webp deja present)
articles\images\bivouac-moto-comment-bien-dormir-en-tente-test-nemo-sonic-0\Annecy-Cap-Nord-Mai-2025-(55).jpg,articles\images\bivouac-moto-comment-bien-dormir-en-tente-test-nemo-sonic-0\Annecy-Cap-Nord-Mai-2025-(55).webp,0,skip (.webp deja present)
articles\images\bivouac-moto-comment-bien-dormir-en-tente-test-nemo-sonic-0\fermeture.jpg,articles\images\bivouac-moto-comment-bien-dormir-en-tente-test-nemo-sonic-0\fermeture.webp,0,skip (.webp deja present)
articles\images\bivouac-moto-comment-bien-dormir-en-tente-test-nemo-sonic-0\maxresdefault_4.jpg,articles\images\bivouac-moto-comment-bien-dormir-en-tente-test-nemo-sonic-0\maxresdefault_4.webp,23,OK (51k -> 28k)
articles\images\bivouac-moto-comment-bien-dormir-en-tente-test-nemo-sonic-0\NEMO_Camping-DSC_0386.jpg,articles\images\bivouac-moto-comment-bien-dormir-en-tente-test-nemo-sonic-0\NEMO_Camping-DSC_0386.webp,0,skip (.webp deja present)
articles\images\bivouac-moto-comment-bien-dormir-en-tente-test-nemo-sonic-0\presentation.jpg,articles\images\bivouac-moto-comment-bien-dormir-en-tente-test-nemo-sonic-0\presentation.webp,0,skip (.webp deja present)
articles\images\bivouac-moto-comment-bien-dormir-en-tente-test-nemo-sonic-0\taille-duvet.jpg,articles\images\bivouac-moto-comment-bien-dormir-en-tente-test-nemo-sonic-0\taille-duvet.webp,0,skip (.webp deja present)
articles\images\bivouac-moto-quel-equipement\batterie-egretech-plume-300w-road-trip.jpg,articles\images\bivouac-moto-quel-equipement\batterie-egretech-plume-300w-road-trip.webp,0,skip (.webp deja present)
articles\images\bivouac-moto-quel-equipement\bivouac-moto-finlande-lac-foret.jpg,articles\images\bivouac-moto-quel-equipement\bivouac-moto-finlande-lac-foret.webp,0,skip (.webp deja present)
articles\images\bivouac-moto-quel-equipement\drap-sac-fit-flip-microfibre.jpg,articles\images\bivouac-moto-quel-equipement\drap-sac-fit-flip-microfibre.webp,0,skip (.webp deja present)
articles\images\bivouac-moto-quel-equipement\hero-bivouac-moto-col-alpin.jpg,articles\images\bivouac-moto-quel-equipement\hero-bivouac-moto-col-alpin.webp,0,skip (.webp deja present)
articles\images\bivouac-moto-quel-equipement\honda-nt1100-chargee-road-trip.jpg,articles\images\bivouac-moto-quel-equipement\honda-nt1100-chargee-road-trip.webp,0,skip (.webp deja present)
articles\images\bivouac-moto-quel-equipement\popote-odoland-camping-moto.jpg,articles\images\bivouac-moto-quel-equipement\popote-odoland-camping-moto.webp,0,skip (.webp deja present)
articles\images\bivouac-moto-quel-equipement\rechaud-pare-vent-h-s-bivouac.jpg,articles\images\bivouac-moto-quel-equipement\rechaud-pare-vent-h-s-bivouac.webp,0,skip (.webp deja present)
articles\images\bivouac-moto-quel-equipement\sous-vetement-thermowave-merinos-moto.jpg,articles\images\bivouac-moto-quel-equipement\sous-vetement-thermowave-merinos-moto.webp,0,skip (.webp deja present)
articles\images\bivouac-moto-quel-equipement\tente-decathlon-fresh-black-motard.jpg,articles\images\bivouac-moto-quel-equipement\tente-decathlon-fresh-black-motard.webp,0,skip (.webp deja present)
articles\images\bivouac-moto-quel-equipement\tente-lone-rider-adv-bivouac-moto.jpg,articles\images\bivouac-moto-quel-equipement\tente-lone-rider-adv-bivouac-moto.webp,0,skip (.webp deja present)
articles\images\bivouac-moto-quel-equipement\veste-bering-alaska-gore-tex.jpg,articles\images\bivouac-moto-quel-equipement\veste-bering-alaska-gore-tex.webp,0,skip (.webp deja present)
articles\images\blackview-xplore-x1-le-telephone-qui-ne-lache-jamais-en-road\AFERIY_AF-SL30_Panneau_Solaire_Portable_30W_3_1170x.jpg,articles\images\blackview-xplore-x1-le-telephone-qui-ne-lache-jamais-en-road\AFERIY_AF-SL30_Panneau_Solaire_Portable_30W_3_1170x.webp,0,skip (.webp deja present)
articles\images\blackview-xplore-x1-le-telephone-qui-ne-lache-jamais-en-road\Certificat et brevet olight +.jpg,articles\images\blackview-xplore-x1-le-telephone-qui-ne-lache-jamais-en-road\Certificat et brevet olight +.webp,0,skip (.webp deja present)
articles\images\blackview-xplore-x1-le-telephone-qui-ne-lache-jamais-en-road\en-pcdperun-11-slpmnu.jpg,articles\images\blackview-xplore-x1-le-telephone-qui-ne-lache-jamais-en-road\en-pcdperun-11-slpmnu.webp,0,skip (.webp deja present)
articles\images\blackview-xplore-x1-le-telephone-qui-ne-lache-jamais-en-road\Garantie a vie ++.jpg,articles\images\blackview-xplore-x1-le-telephone-qui-ne-lache-jamais-en-road\Garantie a vie ++.webp,60,OK (76k -> 16k)
articles\images\blackview-xplore-x1-le-telephone-qui-ne-lache-jamais-en-road\Garantie et livraison ++.jpg,articles\images\blackview-xplore-x1-le-telephone-qui-ne-lache-jamais-en-road\Garantie et livraison ++.webp,0,skip (.webp deja present)
articles\images\blackview-xplore-x1-le-telephone-qui-ne-lache-jamais-en-road\Garantie à vie ++.jpg,articles\images\blackview-xplore-x1-le-telephone-qui-ne-lache-jamais-en-road\Garantie à vie ++.webp,60,OK (76k -> 16k)
articles\images\blackview-xplore-x1-le-telephone-qui-ne-lache-jamais-en-road\Infos techniques ++.jpg,articles\images\blackview-xplore-x1-le-telephone-qui-ne-lache-jamais-en-road\Infos techniques ++.webp,0,skip (.webp deja present)
articles\images\blackview-xplore-x1-le-telephone-qui-ne-lache-jamais-en-road\Infos techniques Perun 3+++.jpg,articles\images\blackview-xplore-x1-le-telephone-qui-ne-lache-jamais-en-road\Infos techniques Perun 3+++.webp,0,skip (.webp deja present)
articles\images\blackview-xplore-x1-le-telephone-qui-ne-lache-jamais-en-road\Lampe perubn  3+++.jpg,articles\images\blackview-xplore-x1-le-telephone-qui-ne-lache-jamais-en-road\Lampe perubn  3+++.webp,13,OK (37k -> 23k)
articles\images\blackview-xplore-x1-le-telephone-qui-ne-lache-jamais-en-road\Lampe Perun 3 +++.jpg,articles\images\blackview-xplore-x1-le-telephone-qui-ne-lache-jamais-en-road\Lampe Perun 3 +++.webp,13,OK (37k -> 23k)
articles\images\blackview-xplore-x1-le-telephone-qui-ne-lache-jamais-en-road\Presentation Aferyi +++++.jpg,articles\images\blackview-xplore-x1-le-telephone-qui-ne-lache-jamais-en-road\Presentation Aferyi +++++.webp,0,skip (.webp deja present)
articles\images\blackview-xplore-x1-le-telephone-qui-ne-lache-jamais-en-road\Pub evolution de la marque sur 18 ans +.jpg,articles\images\blackview-xplore-x1-le-telephone-qui-ne-lache-jamais-en-road\Pub evolution de la marque sur 18 ans +.webp,0,skip (.webp deja present)
articles\images\blackview-xplore-x1-le-telephone-qui-ne-lache-jamais-en-road\Pub évolution de la marque sur 18 ans +.jpg,articles\images\blackview-xplore-x1-le-telephone-qui-ne-lache-jamais-en-road\Pub évolution de la marque sur 18 ans +.webp,0,skip (.webp deja present)
articles\images\blackview-xplore-x1-le-telephone-qui-ne-lache-jamais-en-road\Visuel lampe avec echaelle de grandeur.jpg,articles\images\blackview-xplore-x1-le-telephone-qui-ne-lache-jamais-en-road\Visuel lampe avec echaelle de grandeur.webp,0,skip (.webp deja present)
articles\images\blackview-xplore-x1-le-telephone-qui-ne-lache-jamais-en-road\Visuel lampe avec echelle de grandeur.jpg,articles\images\blackview-xplore-x1-le-telephone-qui-ne-lache-jamais-en-road\Visuel lampe avec echelle de grandeur.webp,0,skip (.webp deja present)
articles\images\budget-cap-nord-a-moto-seul-10-000-km-couts-et-conseils-prat\image-01.jpg,articles\images\budget-cap-nord-a-moto-seul-10-000-km-couts-et-conseils-prat\image-01.webp,0,skip (.webp deja present)
articles\images\budget-cap-nord-a-moto-seul-10-000-km-couts-et-conseils-prat\image-02.jpg,articles\images\budget-cap-nord-a-moto-seul-10-000-km-couts-et-conseils-prat\image-02.webp,0,skip (.webp deja present)
articles\images\budget-cap-nord-a-moto-seul-10-000-km-couts-et-conseils-prat\image-03.jpg,articles\images\budget-cap-nord-a-moto-seul-10-000-km-couts-et-conseils-prat\image-03.webp,0,skip (.webp deja present)
articles\images\budget-cap-nord-a-moto-seul-10-000-km-couts-et-conseils-prat\image-04.jpg,articles\images\budget-cap-nord-a-moto-seul-10-000-km-couts-et-conseils-prat\image-04.webp,0,skip (.webp deja present)
articles\images\budget-cap-nord-a-moto-seul-10-000-km-couts-et-conseils-prat\image-05.jpg,articles\images\budget-cap-nord-a-moto-seul-10-000-km-couts-et-conseils-prat\image-05.webp,0,skip (.webp deja present)
articles\images\budget-cap-nord-a-moto-seul-10-000-km-couts-et-conseils-prat\image-06.jpg,articles\images\budget-cap-nord-a-moto-seul-10-000-km-couts-et-conseils-prat\image-06.webp,0,skip (.webp deja present)
articles\images\budget-cap-nord-a-moto-seul-10-000-km-couts-et-conseils-prat\image-07.jpg,articles\images\budget-cap-nord-a-moto-seul-10-000-km-couts-et-conseils-prat\image-07.webp,0,skip (.webp deja present)
articles\images\budget-cap-nord-a-moto-seul-10-000-km-couts-et-conseils-prat\image-08.jpg,articles\images\budget-cap-nord-a-moto-seul-10-000-km-couts-et-conseils-prat\image-08.webp,0,skip (.webp deja present)
articles\images\budget-cap-nord-a-moto-seul-10-000-km-couts-et-conseils-prat\image-09.jpg,articles\images\budget-cap-nord-a-moto-seul-10-000-km-couts-et-conseils-prat\image-09.webp,0,skip (.webp deja present)
articles\images\budget-cap-nord-a-moto-seul-10-000-km-couts-et-conseils-prat\image-10.jpg,articles\images\budget-cap-nord-a-moto-seul-10-000-km-couts-et-conseils-prat\image-10.webp,0,skip (.webp deja present)
articles\images\budget-cap-nord-a-moto-seul-10-000-km-couts-et-conseils-prat\image-11.jpg,articles\images\budget-cap-nord-a-moto-seul-10-000-km-couts-et-conseils-prat\image-11.webp,0,skip (.webp deja present)
articles\images\budget-cap-nord-a-moto-seul-10-000-km-couts-et-conseils-prat\image-12.jpg,articles\images\budget-cap-nord-a-moto-seul-10-000-km-couts-et-conseils-prat\image-12.webp,0,skip (.webp deja present)
articles\images\budget-cap-nord-a-moto-seul-10-000-km-couts-et-conseils-prat\image-13.jpg,articles\images\budget-cap-nord-a-moto-seul-10-000-km-couts-et-conseils-prat\image-13.webp,0,skip (.webp deja present)
articles\images\budget-cap-nord-a-moto-seul-10-000-km-couts-et-conseils-prat\image-14.jpg,articles\images\budget-cap-nord-a-moto-seul-10-000-km-couts-et-conseils-prat\image-14.webp,0,skip (.webp deja present)
articles\images\budget-cap-nord-a-moto-seul-10-000-km-couts-et-conseils-prat\image-15.jpg,articles\images\budget-cap-nord-a-moto-seul-10-000-km-couts-et-conseils-prat\image-15.webp,0,skip (.webp deja present)
articles\images\budget-cap-nord-a-moto-seul-10-000-km-couts-et-conseils-prat\image-16.jpg,articles\images\budget-cap-nord-a-moto-seul-10-000-km-couts-et-conseils-prat\image-16.webp,0,skip (.webp deja present)
articles\images\budget-cap-nord-a-moto-seul-10-000-km-couts-et-conseils-prat\image-17.jpg,articles\images\budget-cap-nord-a-moto-seul-10-000-km-couts-et-conseils-prat\image-17.webp,0,skip (.webp deja present)
articles\images\budget-cap-nord-a-moto-seul-10-000-km-couts-et-conseils-prat\image-18.jpg,articles\images\budget-cap-nord-a-moto-seul-10-000-km-couts-et-conseils-prat\image-18.webp,0,skip (.webp deja present)
articles\images\budget-cap-nord-a-moto-seul-10-000-km-couts-et-conseils-prat\image-19.jpg,articles\images\budget-cap-nord-a-moto-seul-10-000-km-couts-et-conseils-prat\image-19.webp,0,skip (.webp deja present)
articles\images\budget-cap-nord-a-moto-seul-10-000-km-couts-et-conseils-prat\image-20.jpg,articles\images\budget-cap-nord-a-moto-seul-10-000-km-couts-et-conseils-prat\image-20.webp,0,skip (.webp deja present)
articles\images\cols-mythiques-des-alpes-a-moto-trk-502-ep-1\2026-04-06_155710.jpg,articles\images\cols-mythiques-des-alpes-a-moto-trk-502-ep-1\2026-04-06_155710.webp,0,skip (.webp deja present)
articles\images\cols-mythiques-des-alpes-a-moto-trk-502-ep-1\afficgae-GPS.jpg,articles\images\cols-mythiques-des-alpes-a-moto-trk-502-ep-1\afficgae-GPS.webp,0,skip (.webp deja present)
articles\images\cols-mythiques-des-alpes-a-moto-trk-502-ep-1\Annecy-Cap-Nord-Mai-2025-(20).jpg,articles\images\cols-mythiques-des-alpes-a-moto-trk-502-ep-1\Annecy-Cap-Nord-Mai-2025-(20).webp,0,skip (.webp deja present)
articles\images\cols-mythiques-des-alpes-a-moto-trk-502-ep-1\Annecy-Cap-Nord-Mai-2025-(21).jpg,articles\images\cols-mythiques-des-alpes-a-moto-trk-502-ep-1\Annecy-Cap-Nord-Mai-2025-(21).webp,0,skip (.webp deja present)
articles\images\cols-mythiques-des-alpes-a-moto-trk-502-ep-1\Annecy-Cap-Nord-Mai-2025-(58).jpg,articles\images\cols-mythiques-des-alpes-a-moto-trk-502-ep-1\Annecy-Cap-Nord-Mai-2025-(58).webp,0,skip (.webp deja present)
articles\images\cols-mythiques-des-alpes-a-moto-trk-502-ep-1\Annecy-Cap-Nord-Mai-2025-(6).jpg,articles\images\cols-mythiques-des-alpes-a-moto-trk-502-ep-1\Annecy-Cap-Nord-Mai-2025-(6).webp,0,skip (.webp deja present)
articles\images\cols-mythiques-des-alpes-a-moto-trk-502-ep-1\Aoocci-GPS-offline-t.jpg,articles\images\cols-mythiques-des-alpes-a-moto-trk-502-ep-1\Aoocci-GPS-offline-t.webp,0,skip (.webp deja present)
articles\images\cols-mythiques-des-alpes-a-moto-trk-502-ep-1\ben-homepage-mobil-promo-trk702-fr.jpg,articles\images\cols-mythiques-des-alpes-a-moto-trk-502-ep-1\ben-homepage-mobil-promo-trk702-fr.webp,0,skip (.webp deja present)
"articles\images\cols-mythiques-des-alpes-a-moto-trk-502-ep-1\capteur-pression-pn,neus-Aoocci-U6.jpg","articles\images\cols-mythiques-des-alpes-a-moto-trk-502-ep-1\capteur-pression-pn,neus-Aoocci-U6.webp",0,skip (.webp deja present)
articles\images\cols-mythiques-des-alpes-a-moto-trk-502-ep-1\cq5dam.web.1280.1280_1.jpg,articles\images\cols-mythiques-des-alpes-a-moto-trk-502-ep-1\cq5dam.web.1280.1280_1.webp,48,OK (108k -> 60k)
articles\images\cols-mythiques-des-alpes-a-moto-trk-502-ep-1\cq5dam.web.1280.1280_2.jpg,articles\images\cols-mythiques-des-alpes-a-moto-trk-502-ep-1\cq5dam.web.1280.1280_2.webp,0,skip (.webp deja present)
articles\images\cols-mythiques-des-alpes-a-moto-trk-502-ep-1\cq5dam.web.1280.1280_3.jpg,articles\images\cols-mythiques-des-alpes-a-moto-trk-502-ep-1\cq5dam.web.1280.1280_3.webp,44,OK (108k -> 63k)
articles\images\cols-mythiques-des-alpes-a-moto-trk-502-ep-1\cq5dam.web.1280.1280_4.jpg,articles\images\cols-mythiques-des-alpes-a-moto-trk-502-ep-1\cq5dam.web.1280.1280_4.webp,0,skip (.webp deja present)
articles\images\cols-mythiques-des-alpes-a-moto-trk-502-ep-1\cq5dam.web.1280.1280_5.jpg,articles\images\cols-mythiques-des-alpes-a-moto-trk-502-ep-1\cq5dam.web.1280.1280_5.webp,31,OK (80k -> 49k)
articles\images\cols-mythiques-des-alpes-a-moto-trk-502-ep-1\cq5dam.web.800.800.jpg,articles\images\cols-mythiques-des-alpes-a-moto-trk-502-ep-1\cq5dam.web.800.800.webp,18,OK (51k -> 32k)
articles\images\cols-mythiques-des-alpes-a-moto-trk-502-ep-1\cq5dam.web.800.800_1.jpg,articles\images\cols-mythiques-des-alpes-a-moto-trk-502-ep-1\cq5dam.web.800.800_1.webp,23,OK (53k -> 30k)
articles\images\cols-mythiques-des-alpes-a-moto-trk-502-ep-1\cq5dam.web.800.800_2.jpg,articles\images\cols-mythiques-des-alpes-a-moto-trk-502-ep-1\cq5dam.web.800.800_2.webp,25,OK (72k -> 47k)
articles\images\cols-mythiques-des-alpes-a-moto-trk-502-ep-1\cq5dam.web.800.800_3.jpg,articles\images\cols-mythiques-des-alpes-a-moto-trk-502-ep-1\cq5dam.web.800.800_3.webp,27,OK (75k -> 47k)
articles\images\cols-mythiques-des-alpes-a-moto-trk-502-ep-1\cq5dam.web.800.800_4.jpg,articles\images\cols-mythiques-des-alpes-a-moto-trk-502-ep-1\cq5dam.web.800.800_4.webp,27,OK (82k -> 54k)
"articles\images\cols-mythiques-des-alpes-a-moto-trk-502-ep-1\démontage,-remontage-de-l'appareil-sur-la-moto-..jpg","articles\images\cols-mythiques-des-alpes-a-moto-trk-502-ep-1\démontage,-remontage-de-l'appareil-sur-la-moto-..webp",0,skip (.webp deja present)
articles\images\cols-mythiques-des-alpes-a-moto-trk-502-ep-1\en-situation.jpg,articles\images\cols-mythiques-des-alpes-a-moto-trk-502-ep-1\en-situation.webp,0,skip (.webp deja present)
articles\images\cols-mythiques-des-alpes-a-moto-trk-502-ep-1\ensituation-2.jpg,articles\images\cols-mythiques-des-alpes-a-moto-trk-502-ep-1\ensituation-2.webp,0,skip (.webp deja present)
articles\images\cols-mythiques-des-alpes-a-moto-trk-502-ep-1\face.jpg,articles\images\cols-mythiques-des-alpes-a-moto-trk-502-ep-1\face.webp,18,OK (51k -> 32k)
articles\images\cols-mythiques-des-alpes-a-moto-trk-502-ep-1\meteores-grec-monastere-montagne.jpg,articles\images\cols-mythiques-des-alpes-a-moto-trk-502-ep-1\meteores-grec-monastere-montagne.webp,0,skip (.webp deja present)
articles\images\cols-mythiques-des-alpes-a-moto-trk-502-ep-1\meteores-grece.jpg,articles\images\cols-mythiques-des-alpes-a-moto-trk-502-ep-1\meteores-grece.webp,0,skip (.webp deja present)
articles\images\cols-mythiques-des-alpes-a-moto-trk-502-ep-1\meteores-monastere.jpg,articles\images\cols-mythiques-des-alpes-a-moto-trk-502-ep-1\meteores-monastere.webp,0,skip (.webp deja present)
articles\images\cols-mythiques-des-alpes-a-moto-trk-502-ep-1\meteores-montagne.jpg,articles\images\cols-mythiques-des-alpes-a-moto-trk-502-ep-1\meteores-montagne.webp,0,skip (.webp deja present)
articles\images\cols-mythiques-des-alpes-a-moto-trk-502-ep-1\moteur.jpg,articles\images\cols-mythiques-des-alpes-a-moto-trk-502-ep-1\moteur.webp,27,OK (82k -> 54k)
"articles\images\cols-mythiques-des-alpes-a-moto-trk-502-ep-1\Peinture,-plafond-monastère..jpg","articles\images\cols-mythiques-des-alpes-a-moto-trk-502-ep-1\Peinture,-plafond-monastère..webp",0,skip (.webp deja present)
"articles\images\cols-mythiques-des-alpes-a-moto-trk-502-ep-1\Promotion,-apparei.jpg","articles\images\cols-mythiques-des-alpes-a-moto-trk-502-ep-1\Promotion,-apparei.webp",0,skip (.webp deja present)
articles\images\cols-mythiques-des-alpes-a-moto-trk-502-ep-1\Promotion-Aoocci.jpg,articles\images\cols-mythiques-des-alpes-a-moto-trk-502-ep-1\Promotion-Aoocci.webp,0,skip (.webp deja present)
"articles\images\cols-mythiques-des-alpes-a-moto-trk-502-ep-1\Présentation,-appareil-BX..jpg","articles\images\cols-mythiques-des-alpes-a-moto-trk-502-ep-1\Présentation,-appareil-BX..webp",0,skip (.webp deja present)
articles\images\cols-mythiques-des-alpes-a-moto-trk-502-ep-1\Rayon-de-soleil-sur-les-météores-header.jpg,articles\images\cols-mythiques-des-alpes-a-moto-trk-502-ep-1\Rayon-de-soleil-sur-les-météores-header.webp,0,skip (.webp deja present)
articles\images\cols-mythiques-des-alpes-a-moto-trk-502-ep-1\roussanou980x613.jpg,articles\images\cols-mythiques-des-alpes-a-moto-trk-502-ep-1\roussanou980x613.webp,0,skip (.webp deja present)
articles\images\cols-mythiques-des-alpes-a-moto-trk-502-ep-1\Système-d'élevage-pour-approvisionner-en-nourriture.jpg,articles\images\cols-mythiques-des-alpes-a-moto-trk-502-ep-1\Système-d'élevage-pour-approvisionner-en-nourriture.webp,0,skip (.webp deja present)
articles\images\cols-mythiques-des-alpes-a-moto-trk-502-ep-1\TRK-702-bouclearriere.jpg,articles\images\cols-mythiques-des-alpes-a-moto-trk-502-ep-1\TRK-702-bouclearriere.webp,31,OK (80k -> 49k)
articles\images\cols-mythiques-des-alpes-a-moto-trk-502-ep-1\TRK-702-face.jpg,articles\images\cols-mythiques-des-alpes-a-moto-trk-502-ep-1\TRK-702-face.webp,44,OK (108k -> 63k)
articles\images\cols-mythiques-des-alpes-a-moto-trk-502-ep-1\TRK-702.jpg,articles\images\cols-mythiques-des-alpes-a-moto-trk-502-ep-1\TRK-702.webp,48,OK (108k -> 60k)
articles\images\gps-moto-gps-offline-u6-va-t-il-sauver-mes-balades-moto-peti\afficgae-GPS.jpg,articles\images\gps-moto-gps-offline-u6-va-t-il-sauver-mes-balades-moto-peti\afficgae-GPS.webp,0,skip (.webp deja present)
articles\images\gps-moto-gps-offline-u6-va-t-il-sauver-mes-balades-moto-peti\Aoocci-GPS-offline-t.jpg,articles\images\gps-moto-gps-offline-u6-va-t-il-sauver-mes-balades-moto-peti\Aoocci-GPS-offline-t.webp,0,skip (.webp deja present)
articles\images\gps-moto-gps-offline-u6-va-t-il-sauver-mes-balades-moto-peti\ben-homepage-mobil-promo-trk702-fr.jpg,articles\images\gps-moto-gps-offline-u6-va-t-il-sauver-mes-balades-moto-peti\ben-homepage-mobil-promo-trk702-fr.webp,0,skip (.webp deja present)
"articles\images\gps-moto-gps-offline-u6-va-t-il-sauver-mes-balades-moto-peti\capteur-pression-pn,neus-Aoocci-U6.jpg","articles\images\gps-moto-gps-offline-u6-va-t-il-sauver-mes-balades-moto-peti\capteur-pression-pn,neus-Aoocci-U6.webp",0,skip (.webp deja present)
articles\images\gps-moto-gps-offline-u6-va-t-il-sauver-mes-balades-moto-peti\cq5dam.web.1280.1280_1.jpg,articles\images\gps-moto-gps-offline-u6-va-t-il-sauver-mes-balades-moto-peti\cq5dam.web.1280.1280_1.webp,48,OK (108k -> 60k)
articles\images\gps-moto-gps-offline-u6-va-t-il-sauver-mes-balades-moto-peti\cq5dam.web.1280.1280_2.jpg,articles\images\gps-moto-gps-offline-u6-va-t-il-sauver-mes-balades-moto-peti\cq5dam.web.1280.1280_2.webp,0,skip (.webp deja present)
articles\images\gps-moto-gps-offline-u6-va-t-il-sauver-mes-balades-moto-peti\cq5dam.web.1280.1280_3.jpg,articles\images\gps-moto-gps-offline-u6-va-t-il-sauver-mes-balades-moto-peti\cq5dam.web.1280.1280_3.webp,44,OK (108k -> 63k)
articles\images\gps-moto-gps-offline-u6-va-t-il-sauver-mes-balades-moto-peti\cq5dam.web.1280.1280_4.jpg,articles\images\gps-moto-gps-offline-u6-va-t-il-sauver-mes-balades-moto-peti\cq5dam.web.1280.1280_4.webp,0,skip (.webp deja present)
articles\images\gps-moto-gps-offline-u6-va-t-il-sauver-mes-balades-moto-peti\cq5dam.web.1280.1280_5.jpg,articles\images\gps-moto-gps-offline-u6-va-t-il-sauver-mes-balades-moto-peti\cq5dam.web.1280.1280_5.webp,31,OK (80k -> 49k)
articles\images\gps-moto-gps-offline-u6-va-t-il-sauver-mes-balades-moto-peti\cq5dam.web.800.800.jpg,articles\images\gps-moto-gps-offline-u6-va-t-il-sauver-mes-balades-moto-peti\cq5dam.web.800.800.webp,18,OK (51k -> 32k)
articles\images\gps-moto-gps-offline-u6-va-t-il-sauver-mes-balades-moto-peti\cq5dam.web.800.800_1.jpg,articles\images\gps-moto-gps-offline-u6-va-t-il-sauver-mes-balades-moto-peti\cq5dam.web.800.800_1.webp,23,OK (53k -> 30k)
articles\images\gps-moto-gps-offline-u6-va-t-il-sauver-mes-balades-moto-peti\cq5dam.web.800.800_2.jpg,articles\images\gps-moto-gps-offline-u6-va-t-il-sauver-mes-balades-moto-peti\cq5dam.web.800.800_2.webp,25,OK (72k -> 47k)
articles\images\gps-moto-gps-offline-u6-va-t-il-sauver-mes-balades-moto-peti\cq5dam.web.800.800_3.jpg,articles\images\gps-moto-gps-offline-u6-va-t-il-sauver-mes-balades-moto-peti\cq5dam.web.800.800_3.webp,27,OK (75k -> 47k)
articles\images\gps-moto-gps-offline-u6-va-t-il-sauver-mes-balades-moto-peti\cq5dam.web.800.800_4.jpg,articles\images\gps-moto-gps-offline-u6-va-t-il-sauver-mes-balades-moto-peti\cq5dam.web.800.800_4.webp,27,OK (82k -> 54k)
articles\images\gps-moto-gps-offline-u6-va-t-il-sauver-mes-balades-moto-peti\en-situation.jpg,articles\images\gps-moto-gps-offline-u6-va-t-il-sauver-mes-balades-moto-peti\en-situation.webp,0,skip (.webp deja present)
articles\images\gps-moto-gps-offline-u6-va-t-il-sauver-mes-balades-moto-peti\ensituation-2.jpg,articles\images\gps-moto-gps-offline-u6-va-t-il-sauver-mes-balades-moto-peti\ensituation-2.webp,0,skip (.webp deja present)
articles\images\gps-moto-gps-offline-u6-va-t-il-sauver-mes-balades-moto-peti\face.jpg,articles\images\gps-moto-gps-offline-u6-va-t-il-sauver-mes-balades-moto-peti\face.webp,18,OK (51k -> 32k)
articles\images\gps-moto-gps-offline-u6-va-t-il-sauver-mes-balades-moto-peti\moteur.jpg,articles\images\gps-moto-gps-offline-u6-va-t-il-sauver-mes-balades-moto-peti\moteur.webp,27,OK (82k -> 54k)
articles\images\gps-moto-gps-offline-u6-va-t-il-sauver-mes-balades-moto-peti\TRK-702-bouclearriere.jpg,articles\images\gps-moto-gps-offline-u6-va-t-il-sauver-mes-balades-moto-peti\TRK-702-bouclearriere.webp,31,OK (80k -> 49k)
articles\images\gps-moto-gps-offline-u6-va-t-il-sauver-mes-balades-moto-peti\TRK-702-face.jpg,articles\images\gps-moto-gps-offline-u6-va-t-il-sauver-mes-balades-moto-peti\TRK-702-face.webp,44,OK (108k -> 63k)
articles\images\gps-moto-gps-offline-u6-va-t-il-sauver-mes-balades-moto-peti\TRK-702.jpg,articles\images\gps-moto-gps-offline-u6-va-t-il-sauver-mes-balades-moto-peti\TRK-702.webp,48,OK (108k -> 60k)
articles\images\partenaires\aferiy.jpg,articles\images\partenaires\aferiy.webp,4,OK (12k -> 7k)
articles\images\partenaires\aoocci-u6.jpg,articles\images\partenaires\aoocci-u6.webp,0,skip (.webp deja present)
articles\images\partenaires\carpuride.jpg,articles\images\partenaires\carpuride.webp,8,OK (51k -> 43k)
articles\images\partenaires\olight-perun3.jpg,articles\images\partenaires\olight-perun3.webp,13,OK (37k -> 23k)
articles\images\preparation-pour-le-voyage-road-trip-en-trk-702\ben-homepage-mobil-promo-trk702-fr.jpg,articles\images\preparation-pour-le-voyage-road-trip-en-trk-702\ben-homepage-mobil-promo-trk702-fr.webp,0,skip (.webp deja present)
articles\images\preparation-pour-le-voyage-road-trip-en-trk-702\cq5dam.web.1280.1280_1.jpg,articles\images\preparation-pour-le-voyage-road-trip-en-trk-702\cq5dam.web.1280.1280_1.webp,48,OK (108k -> 60k)
articles\images\preparation-pour-le-voyage-road-trip-en-trk-702\cq5dam.web.1280.1280_2.jpg,articles\images\preparation-pour-le-voyage-road-trip-en-trk-702\cq5dam.web.1280.1280_2.webp,0,skip (.webp deja present)
articles\images\preparation-pour-le-voyage-road-trip-en-trk-702\cq5dam.web.1280.1280_3.jpg,articles\images\preparation-pour-le-voyage-road-trip-en-trk-702\cq5dam.web.1280.1280_3.webp,44,OK (108k -> 63k)
articles\images\preparation-pour-le-voyage-road-trip-en-trk-702\cq5dam.web.1280.1280_4.jpg,articles\images\preparation-pour-le-voyage-road-trip-en-trk-702\cq5dam.web.1280.1280_4.webp,0,skip (.webp deja present)
articles\images\preparation-pour-le-voyage-road-trip-en-trk-702\cq5dam.web.1280.1280_5.jpg,articles\images\preparation-pour-le-voyage-road-trip-en-trk-702\cq5dam.web.1280.1280_5.webp,31,OK (80k -> 49k)
articles\images\preparation-pour-le-voyage-road-trip-en-trk-702\cq5dam.web.800.800.jpg,articles\images\preparation-pour-le-voyage-road-trip-en-trk-702\cq5dam.web.800.800.webp,18,OK (51k -> 32k)
articles\images\preparation-pour-le-voyage-road-trip-en-trk-702\cq5dam.web.800.800_1.jpg,articles\images\preparation-pour-le-voyage-road-trip-en-trk-702\cq5dam.web.800.800_1.webp,23,OK (53k -> 30k)
articles\images\preparation-pour-le-voyage-road-trip-en-trk-702\cq5dam.web.800.800_2.jpg,articles\images\preparation-pour-le-voyage-road-trip-en-trk-702\cq5dam.web.800.800_2.webp,25,OK (72k -> 47k)
articles\images\preparation-pour-le-voyage-road-trip-en-trk-702\cq5dam.web.800.800_3.jpg,articles\images\preparation-pour-le-voyage-road-trip-en-trk-702\cq5dam.web.800.800_3.webp,27,OK (75k -> 47k)
articles\images\preparation-pour-le-voyage-road-trip-en-trk-702\cq5dam.web.800.800_4.jpg,articles\images\preparation-pour-le-voyage-road-trip-en-trk-702\cq5dam.web.800.800_4.webp,27,OK (82k -> 54k)
articles\images\preparation-pour-le-voyage-road-trip-en-trk-702\face.jpg,articles\images\preparation-pour-le-voyage-road-trip-en-trk-702\face.webp,18,OK (51k -> 32k)
articles\images\preparation-pour-le-voyage-road-trip-en-trk-702\moteur.jpg,articles\images\preparation-pour-le-voyage-road-trip-en-trk-702\moteur.webp,27,OK (82k -> 54k)
articles\images\preparation-pour-le-voyage-road-trip-en-trk-702\TRK-702-bouclearriere.jpg,articles\images\preparation-pour-le-voyage-road-trip-en-trk-702\TRK-702-bouclearriere.webp,31,OK (80k -> 49k)
articles\images\preparation-pour-le-voyage-road-trip-en-trk-702\TRK-702-face.jpg,articles\images\preparation-pour-le-voyage-road-trip-en-trk-702\TRK-702-face.webp,44,OK (108k -> 63k)
articles\images\preparation-pour-le-voyage-road-trip-en-trk-702\TRK-702.jpg,articles\images\preparation-pour-le-voyage-road-trip-en-trk-702\TRK-702.webp,48,OK (108k -> 60k)
articles\images\quel-carpuride-moto-choisir\aoocci-u6.jpg,articles\images\quel-carpuride-moto-choisir\aoocci-u6.webp,0,skip (.webp deja present)
articles\images\radar-moto-comment-ca-marche\2026-03-23_110554.jpg,articles\images\radar-moto-comment-ca-marche\2026-03-23_110554.webp,0,skip (.webp deja present)
articles\images\radar-moto-comment-ca-marche\2026-03-23_111911.jpg,articles\images\radar-moto-comment-ca-marche\2026-03-23_111911.webp,0,skip (.webp deja present)
articles\images\radar-moto-comment-ca-marche\2026-03-23_192815.jpg,articles\images\radar-moto-comment-ca-marche\2026-03-23_192815.webp,0,skip (.webp deja present)
articles\images\radar-moto-comment-ca-marche\presentation-prioduit.jpg,articles\images\radar-moto-comment-ca-marche\presentation-prioduit.webp,0,skip (.webp deja present)
articles\images\radar-moto-comment-ca-marche\presentation-produit-2.jpg,articles\images\radar-moto-comment-ca-marche\presentation-produit-2.webp,0,skip (.webp deja present)
articles\images\retour-honda-nt-1100-a-26000-kms\2026-04-06_155710.jpg,articles\images\retour-honda-nt-1100-a-26000-kms\2026-04-06_155710.webp,0,skip (.webp deja present)
articles\images\retour-honda-nt-1100-a-26000-kms\afficgae-GPS.jpg,articles\images\retour-honda-nt-1100-a-26000-kms\afficgae-GPS.webp,0,skip (.webp deja present)
articles\images\retour-honda-nt-1100-a-26000-kms\Annecy-Cap-Nord-Mai-2025-(20).jpg,articles\images\retour-honda-nt-1100-a-26000-kms\Annecy-Cap-Nord-Mai-2025-(20).webp,0,skip (.webp deja present)
articles\images\retour-honda-nt-1100-a-26000-kms\Annecy-Cap-Nord-Mai-2025-(21).jpg,articles\images\retour-honda-nt-1100-a-26000-kms\Annecy-Cap-Nord-Mai-2025-(21).webp,0,skip (.webp deja present)
articles\images\retour-honda-nt-1100-a-26000-kms\Annecy-Cap-Nord-Mai-2025-(58).jpg,articles\images\retour-honda-nt-1100-a-26000-kms\Annecy-Cap-Nord-Mai-2025-(58).webp,0,skip (.webp deja present)
articles\images\retour-honda-nt-1100-a-26000-kms\Annecy-Cap-Nord-Mai-2025-(6).jpg,articles\images\retour-honda-nt-1100-a-26000-kms\Annecy-Cap-Nord-Mai-2025-(6).webp,0,skip (.webp deja present)
articles\images\retour-honda-nt-1100-a-26000-kms\Aoocci-GPS-offline-t.jpg,articles\images\retour-honda-nt-1100-a-26000-kms\Aoocci-GPS-offline-t.webp,0,skip (.webp deja present)
articles\images\retour-honda-nt-1100-a-26000-kms\ben-homepage-mobil-promo-trk702-fr.jpg,articles\images\retour-honda-nt-1100-a-26000-kms\ben-homepage-mobil-promo-trk702-fr.webp,0,skip (.webp deja present)
"articles\images\retour-honda-nt-1100-a-26000-kms\capteur-pression-pn,neus-Aoocci-U6.jpg","articles\images\retour-honda-nt-1100-a-26000-kms\capteur-pression-pn,neus-Aoocci-U6.webp",0,skip (.webp deja present)
articles\images\retour-honda-nt-1100-a-26000-kms\cq5dam.web.1280.1280_1.jpg,articles\images\retour-honda-nt-1100-a-26000-kms\cq5dam.web.1280.1280_1.webp,48,OK (108k -> 60k)
articles\images\retour-honda-nt-1100-a-26000-kms\cq5dam.web.1280.1280_2.jpg,articles\images\retour-honda-nt-1100-a-26000-kms\cq5dam.web.1280.1280_2.webp,0,skip (.webp deja present)
articles\images\retour-honda-nt-1100-a-26000-kms\cq5dam.web.1280.1280_3.jpg,articles\images\retour-honda-nt-1100-a-26000-kms\cq5dam.web.1280.1280_3.webp,44,OK (108k -> 63k)
articles\images\retour-honda-nt-1100-a-26000-kms\cq5dam.web.1280.1280_4.jpg,articles\images\retour-honda-nt-1100-a-26000-kms\cq5dam.web.1280.1280_4.webp,0,skip (.webp deja present)
articles\images\retour-honda-nt-1100-a-26000-kms\cq5dam.web.1280.1280_5.jpg,articles\images\retour-honda-nt-1100-a-26000-kms\cq5dam.web.1280.1280_5.webp,31,OK (80k -> 49k)
articles\images\retour-honda-nt-1100-a-26000-kms\cq5dam.web.800.800.jpg,articles\images\retour-honda-nt-1100-a-26000-kms\cq5dam.web.800.800.webp,18,OK (51k -> 32k)
articles\images\retour-honda-nt-1100-a-26000-kms\cq5dam.web.800.800_1.jpg,articles\images\retour-honda-nt-1100-a-26000-kms\cq5dam.web.800.800_1.webp,23,OK (53k -> 30k)
articles\images\retour-honda-nt-1100-a-26000-kms\cq5dam.web.800.800_2.jpg,articles\images\retour-honda-nt-1100-a-26000-kms\cq5dam.web.800.800_2.webp,25,OK (72k -> 47k)
articles\images\retour-honda-nt-1100-a-26000-kms\cq5dam.web.800.800_3.jpg,articles\images\retour-honda-nt-1100-a-26000-kms\cq5dam.web.800.800_3.webp,27,OK (75k -> 47k)
articles\images\retour-honda-nt-1100-a-26000-kms\cq5dam.web.800.800_4.jpg,articles\images\retour-honda-nt-1100-a-26000-kms\cq5dam.web.800.800_4.webp,27,OK (82k -> 54k)
"articles\images\retour-honda-nt-1100-a-26000-kms\démontage,-remontage-de-l'appareil-sur-la-moto-..jpg","articles\images\retour-honda-nt-1100-a-26000-kms\démontage,-remontage-de-l'appareil-sur-la-moto-..webp",0,skip (.webp deja present)
articles\images\retour-honda-nt-1100-a-26000-kms\en-situation.jpg,articles\images\retour-honda-nt-1100-a-26000-kms\en-situation.webp,0,skip (.webp deja present)
articles\images\retour-honda-nt-1100-a-26000-kms\ensituation-2.jpg,articles\images\retour-honda-nt-1100-a-26000-kms\ensituation-2.webp,0,skip (.webp deja present)
articles\images\retour-honda-nt-1100-a-26000-kms\face.jpg,articles\images\retour-honda-nt-1100-a-26000-kms\face.webp,18,OK (51k -> 32k)
articles\images\retour-honda-nt-1100-a-26000-kms\meteores-grec-monastere-montagne.jpg,articles\images\retour-honda-nt-1100-a-26000-kms\meteores-grec-monastere-montagne.webp,0,skip (.webp deja present)
articles\images\retour-honda-nt-1100-a-26000-kms\meteores-grece.jpg,articles\images\retour-honda-nt-1100-a-26000-kms\meteores-grece.webp,0,skip (.webp deja present)
articles\images\retour-honda-nt-1100-a-26000-kms\meteores-monastere.jpg,articles\images\retour-honda-nt-1100-a-26000-kms\meteores-monastere.webp,0,skip (.webp deja present)
articles\images\retour-honda-nt-1100-a-26000-kms\meteores-montagne.jpg,articles\images\retour-honda-nt-1100-a-26000-kms\meteores-montagne.webp,0,skip (.webp deja present)
articles\images\retour-honda-nt-1100-a-26000-kms\moteur.jpg,articles\images\retour-honda-nt-1100-a-26000-kms\moteur.webp,27,OK (82k -> 54k)
"articles\images\retour-honda-nt-1100-a-26000-kms\Peinture,-plafond-monastère..jpg","articles\images\retour-honda-nt-1100-a-26000-kms\Peinture,-plafond-monastère..webp",0,skip (.webp deja present)
"articles\images\retour-honda-nt-1100-a-26000-kms\Promotion,-apparei.jpg","articles\images\retour-honda-nt-1100-a-26000-kms\Promotion,-apparei.webp",0,skip (.webp deja present)
articles\images\retour-honda-nt-1100-a-26000-kms\Promotion-Aoocci.jpg,articles\images\retour-honda-nt-1100-a-26000-kms\Promotion-Aoocci.webp,0,skip (.webp deja present)
"articles\images\retour-honda-nt-1100-a-26000-kms\Présentation,-appareil-BX..jpg","articles\images\retour-honda-nt-1100-a-26000-kms\Présentation,-appareil-BX..webp",0,skip (.webp deja present)
articles\images\retour-honda-nt-1100-a-26000-kms\Rayon-de-soleil-sur-les-météores-header.jpg,articles\images\retour-honda-nt-1100-a-26000-kms\Rayon-de-soleil-sur-les-météores-header.webp,0,skip (.webp deja present)
articles\images\retour-honda-nt-1100-a-26000-kms\roussanou980x613.jpg,articles\images\retour-honda-nt-1100-a-26000-kms\roussanou980x613.webp,0,skip (.webp deja present)
articles\images\retour-honda-nt-1100-a-26000-kms\Système-d'élevage-pour-approvisionner-en-nourriture.jpg,articles\images\retour-honda-nt-1100-a-26000-kms\Système-d'élevage-pour-approvisionner-en-nourriture.webp,0,skip (.webp deja present)
articles\images\retour-honda-nt-1100-a-26000-kms\TRK-702-bouclearriere.jpg,articles\images\retour-honda-nt-1100-a-26000-kms\TRK-702-bouclearriere.webp,31,OK (80k -> 49k)
articles\images\retour-honda-nt-1100-a-26000-kms\TRK-702-face.jpg,articles\images\retour-honda-nt-1100-a-26000-kms\TRK-702-face.webp,44,OK (108k -> 63k)
articles\images\retour-honda-nt-1100-a-26000-kms\TRK-702.jpg,articles\images\retour-honda-nt-1100-a-26000-kms\TRK-702.webp,48,OK (108k -> 60k)
articles\images\cols-mythiques-des-alpes-a-moto-trk-502-ep-1\ben-logo-warranty-3y-fr-pos.png,articles\images\cols-mythiques-des-alpes-a-moto-trk-502-ep-1\ben-logo-warranty-3y-fr-pos.webp,10,OK (23k -> 13k)
articles\images\cols-mythiques-des-alpes-a-moto-trk-502-ep-1\loga-garante.png,articles\images\cols-mythiques-des-alpes-a-moto-trk-502-ep-1\loga-garante.webp,10,OK (23k -> 13k)
articles\images\gps-moto-gps-offline-u6-va-t-il-sauver-mes-balades-moto-peti\ben-logo-warranty-3y-fr-pos.png,articles\images\gps-moto-gps-offline-u6-va-t-il-sauver-mes-balades-moto-peti\ben-logo-warranty-3y-fr-pos.webp,10,OK (23k -> 13k)
articles\images\gps-moto-gps-offline-u6-va-t-il-sauver-mes-balades-moto-peti\loga-garante.png,articles\images\gps-moto-gps-offline-u6-va-t-il-sauver-mes-balades-moto-peti\loga-garante.webp,10,OK (23k -> 13k)
articles\images\partenaires\innovv.png,articles\images\partenaires\innovv.webp,52,OK (209k -> 156k)
articles\images\partenaires\komobi.png,articles\images\partenaires\komobi.webp,51,OK (135k -> 84k)
articles\images\preparation-pour-le-voyage-road-trip-en-trk-702\ben-logo-warranty-3y-fr-pos.png,articles\images\preparation-pour-le-voyage-road-trip-en-trk-702\ben-logo-warranty-3y-fr-pos.webp,10,OK (23k -> 13k)
articles\images\preparation-pour-le-voyage-road-trip-en-trk-702\loga-garante.png,articles\images\preparation-pour-le-voyage-road-trip-en-trk-702\loga-garante.webp,10,OK (23k -> 13k)
articles\images\quel-carpuride-moto-choisir\vignette-quel-carpuride-moto-choisir.png,articles\images\quel-carpuride-moto-choisir\vignette-quel-carpuride-moto-choisir.webp,2504,OK (2738k -> 234k)
articles\images\quel-carpuride-moto-choisir\vignette_quel-carpuride-comparatif-ecrangps-aoocci-offline.png,articles\images\quel-carpuride-moto-choisir\vignette_quel-carpuride-comparatif-ecrangps-aoocci-offline.webp,2504,OK (2738k -> 234k)
articles\images\quel-komobi-pro-city-tracker-gps-detecteur-de-chute-antivol\cover.png,articles\images\quel-komobi-pro-city-tracker-gps-detecteur-de-chute-antivol\cover.webp,572,OK (656k -> 84k)
articles\images\quel-komobi-pro-city-tracker-gps-detecteur-de-chute-antivol\image-01.png,articles\images\quel-komobi-pro-city-tracker-gps-detecteur-de-chute-antivol\image-01.webp,572,OK (656k -> 84k)
articles\images\quel-komobi-pro-city-tracker-gps-detecteur-de-chute-antivol\image-02.png,articles\images\quel-komobi-pro-city-tracker-gps-detecteur-de-chute-antivol\image-02.webp,400,OK (428k -> 28k)
articles\images\radar-moto-comment-ca-marche\Innovv_detecteur-angle-mort-BSM.png,articles\images\radar-moto-comment-ca-marche\Innovv_detecteur-angle-mort-BSM.webp,401,OK (431k -> 30k)
articles\images\radar-moto-comment-ca-marche\MB.png,articles\images\radar-moto-comment-ca-marche\MB.webp,0,skip (.webp deja present)
articles\images\radar-moto-comment-ca-marche\Plan-de-travail-1.png,articles\images\radar-moto-comment-ca-marche\Plan-de-travail-1.webp,1292,OK (1447k -> 155k)
articles\images\radar-moto-comment-ca-marche\v2.png,articles\images\radar-moto-comment-ca-marche\v2.webp,1161,OK (1302k -> 140k)
articles\images\retour-honda-nt-1100-a-26000-kms\ben-logo-warranty-3y-fr-pos.png,articles\images\retour-honda-nt-1100-a-26000-kms\ben-logo-warranty-3y-fr-pos.webp,10,OK (23k -> 13k)
articles\images\retour-honda-nt-1100-a-26000-kms\loga-garante.png,articles\images\retour-honda-nt-1100-a-26000-kms\loga-garante.webp,10,OK (23k -> 13k)
